Nombre,Categorías,Imágenes
Bolibellita,Princesas,http://mundobolita.com/wp-content/uploads/2018/07/Bolibella.png
Bolibeast,Princesas,http://mundobolita.com/wp-content/uploads/2018/07/Bolibestia.png
"Boliblanca Nieves",Princesas,http://mundobolita.com/wp-content/uploads/2018/07/Bolinieves.png
Bolicienta,Princesas,http://mundobolita.com/wp-content/uploads/2018/07/Bolicienta.png
Bolielena,Princesas,http://mundobolita.com/wp-content/uploads/1970/01/Bolielenea.png
Bolielsa,Princesas,http://mundobolita.com/wp-content/uploads/2018/07/Bolielsa.png
Bolirapunsel,Princesas,http://mundobolita.com/wp-content/uploads/2018/07/Bolirapuncel.png
"Bolitinker Bell",Princesas,http://mundobolita.com/wp-content/uploads/2018/02/Bolitinker-bell.png
Bolimerida,Princesas,http://mundobolita.com/wp-content/uploads/2018/03/Bolivaliente.png
"Boliprincesa Sofia",Princesas,http://mundobolita.com/wp-content/uploads/2018/07/Bolisofia.png
Bolipool,Héroes,http://mundobolita.com/wp-content/uploads/2018/05/Dead-Pool.png
Bolijoker,Héroes,http://mundobolita.com/wp-content/uploads/2018/07/Bolijoker.png
"Boliharley Queen",Héroes,http://mundobolita.com/wp-content/uploads/2018/07/Boliharley-queen.png
Bolibatichica,Héroes,http://mundobolita.com/wp-content/uploads/2018/07/Bolibati-chica.png
Bolisuperman,Héroes,http://mundobolita.com/wp-content/uploads/2018/09/Bolisuperman.png
"Boliblack Spiderman",Héroes,http://mundobolita.com/wp-content/uploads/2018/07/Boliblack-spiderman.png
Bolispiderman,Héroes,http://mundobolita.com/wp-content/uploads/2018/07/Bolispider-man.png
Bolithor,Héroes,http://mundobolita.com/wp-content/uploads/2018/12/Bolithor.png
"Bolicapitán América",Héroes,http://mundobolita.com/wp-content/uploads/2018/07/Bolicap-america.png
Bolironman,Héroes,http://mundobolita.com/wp-content/uploads/2018/07/Boliron-man.png
Bolimiguel,"Películas y TV",http://mundobolita.com/wp-content/uploads/2018/07/29920399_1681042185320908_1900224090_n.png
"Boliunicornio pastel","Películas y TV",http://mundobolita.com/wp-content/uploads/1970/01/Boliunicornio2.png
"Boliunicornio arcoíris","Películas y TV",http://mundobolita.com/wp-content/uploads/1970/01/Boliunicornio.png
Bolimasha,"Películas y TV",http://mundobolita.com/wp-content/uploads/2018/07/Bolimasha.png
Bolioso,"Películas y TV",http://mundobolita.com/wp-content/uploads/2018/07/Bolioso.png
"Bolimasha lentes","Películas y TV",http://mundobolita.com/wp-content/uploads/2018/07/Bolimasha-lentes.png
Bolitigger,"Películas y TV",http://mundobolita.com/wp-content/uploads/1970/01/Bolitigger.png
Bolipocoyo,"Películas y TV",http://mundobolita.com/wp-content/uploads/2018/07/Bolipocoyo.png
Bolielly,"Películas y TV",http://mundobolita.com/wp-content/uploads/1970/01/Boliely.png
Bolilletas,"Películas y TV",http://mundobolita.com/wp-content/uploads/2018/07/Bolicookie-mosnter.png
Bolielmo,"Películas y TV",http://mundobolita.com/wp-content/uploads/2018/07/Bolielmo.png
"Bolimichey Bebé","Películas y TV",http://mundobolita.com/wp-content/uploads/2018/07/Boliemickey-bebé.png
"Boliminnie Bebé","Películas y TV",http://mundobolita.com/wp-content/uploads/2018/07/Boliminnie-bebé.png
"Boliminnie Rosa","Películas y TV",http://mundobolita.com/wp-content/uploads/2018/07/Boliminnie.png
"Boliminnie Roja","Películas y TV",http://mundobolita.com/wp-content/uploads/2018/07/Boliminnie-mosue.png
Bolijorge,"Películas y TV",http://mundobolita.com/wp-content/uploads/2018/07/Bolijorge.png
Bolidoki,"Películas y TV",http://mundobolita.com/wp-content/uploads/2018/07/Bolidoki.png
Bolijake,"Películas y TV",http://mundobolita.com/wp-content/uploads/2018/07/Bolijake.png
"Boligallina Pintadita","Películas y TV",http://mundobolita.com/wp-content/uploads/2018/07/Boli-gallina-pintadita.png
"Bolishopkins verde","Películas y TV",http://mundobolita.com/wp-content/uploads/2018/07/Bolishopkings-verde.png
"Bolishopkins rosa","Películas y TV",http://mundobolita.com/wp-content/uploads/2018/07/Bolishopkings.png
Bolichilindrina,"Películas y TV",http://mundobolita.com/wp-content/uploads/2018/07/Bolichilindrina.png
Bolicleo,"Películas y TV",http://mundobolita.com/wp-content/uploads/2018/06/Bolocleo.png
"Bolichavo del ocho","Películas y TV",http://mundobolita.com/wp-content/uploads/2018/07/Bolichavo-del8.png
Bolibailarina,"Películas y TV",http://mundobolita.com/wp-content/uploads/2018/07/Bolibailarina.png
"Bolidra Juguetes","Películas y TV",http://mundobolita.com/wp-content/uploads/2018/07/Bolidra-juguetes.png
Bolilambie,"Películas y TV",http://mundobolita.com/wp-content/uploads/2018/07/Bolilambie.png
"Bolilady Bug","Películas y TV",http://mundobolita.com/wp-content/uploads/2018/07/Bolilady-bug.png
Bolishine,"Películas y TV",http://mundobolita.com/wp-content/uploads/2018/07/Bolishine.png
Bolishimmer,"Películas y TV",http://mundobolita.com/wp-content/uploads/2018/07/Bolishimmer.png
"Bolipeppa Hada","Películas y TV",http://mundobolita.com/wp-content/uploads/2018/07/Bolipeppa-hada.png
"Boligeorge Pig","Películas y TV",http://mundobolita.com/wp-content/uploads/2018/07/Boligeorge-pig.png
"Bolipeppa Pig","Películas y TV",http://mundobolita.com/wp-content/uploads/2018/07/Bolipeppa-pig.png
"Bolirainbow Dash","Películas y TV",http://mundobolita.com/wp-content/uploads/2018/07/Bolirainbow-dash.png
Bolichamoy,"Películas y TV",http://mundobolita.com/wp-content/uploads/2018/07/Bolichamoy.png
"Bolik-simerito morado","Películas y TV",http://mundobolita.com/wp-content/uploads/2018/07/Bolimerito3.png
"Bolik-simerito rosa","Películas y TV",http://mundobolita.com/wp-content/uploads/2018/07/Bolimerito2.png
Bolichimuelo,"Películas y TV",http://mundobolita.com/wp-content/uploads/2018/07/Bolichimuelo.png
Bolichase,"Películas y TV",http://mundobolita.com/wp-content/uploads/1970/01/Bolochase.png
Bolisky,"Películas y TV",http://mundobolita.com/wp-content/uploads/2018/07/Bolisky.png
Boliryder,"Películas y TV",http://mundobolita.com/wp-content/uploads/2018/07/Boliryder.png
Bolimarshall,"Películas y TV",http://mundobolita.com/wp-content/uploads/2018/07/Bolimarshall.png
"Bolicat Boy","Películas y TV",http://mundobolita.com/wp-content/uploads/2018/07/Bolicatboy.png
Boliululette,"Películas y TV",http://mundobolita.com/wp-content/uploads/1970/01/Boliulette.png
Boligeko,"Películas y TV",http://mundobolita.com/wp-content/uploads/2018/07/Boligeko.png
Boliprincipito,"Películas y TV",http://mundobolita.com/wp-content/uploads/2018/07/Boliprincipito.png
Boligoku,"Películas y TV",http://mundobolita.com/wp-content/uploads/2018/07/Boligoku.png
Bolipokebola,"Películas y TV",http://mundobolita.com/wp-content/uploads/2018/07/Bolipokebola.png
Bolicharizard,"Películas y TV",http://mundobolita.com/wp-content/uploads/2018/07/Bolicharizard.png
Bolicharmander,"Películas y TV",http://mundobolita.com/wp-content/uploads/2018/07/Bolicharmander.png
Bolipikachu,"Películas y TV",http://mundobolita.com/wp-content/uploads/2018/07/Bolipikachu.png
Bolimohana,"Películas y TV",http://mundobolita.com/wp-content/uploads/2018/07/Bolimoana.png
Bolicoco,"Películas y TV",http://mundobolita.com/wp-content/uploads/2018/07/Bolicoco.png
Bolirafael,"Películas y TV",http://mundobolita.com/wp-content/uploads/2018/07/Bolirafael.png
Bolionardo,"Películas y TV",http://mundobolita.com/wp-content/uploads/2018/07/Bolileonardo.png
"Bolimiguel Ángel","Películas y TV",http://mundobolita.com/wp-content/uploads/2018/07/Bolimiguel-angel.png
Bolidonatello,"Películas y TV",http://mundobolita.com/wp-content/uploads/2018/07/Bolidonatello.png
"Boliharry Potter","Películas y TV",http://mundobolita.com/wp-content/uploads/2018/07/Boliharry-potter.png
Boliminion,"Películas y TV",http://mundobolita.com/wp-content/uploads/2018/07/Boliminion.png
Boliagnes,"Películas y TV",http://mundobolita.com/wp-content/uploads/2018/07/Boliagnes.png
"Boliramón Feliz","Películas y TV",http://mundobolita.com/wp-content/uploads/2018/07/Boliramón-feliz.png
Bolipoppy,"Películas y TV",http://mundobolita.com/wp-content/uploads/2018/07/Bolipoppy.png
"Boliramón Gruñón","Películas y TV",http://mundobolita.com/wp-content/uploads/2018/07/Boliramón-gruñ´pn.png
Bolisullivan,"Películas y TV",http://mundobolita.com/wp-content/uploads/1970/01/Bolisullivan.png
Boliboo,"Películas y TV",http://mundobolita.com/wp-content/uploads/2018/07/Boliboo.png
Bolimike,"Películas y TV",http://mundobolita.com/wp-content/uploads/2018/07/Bolimike.png
Bolimia,"Películas y TV",http://mundobolita.com/wp-content/uploads/2018/07/Bolimia.png
Bolimabel,"Películas y TV",http://mundobolita.com/wp-content/uploads/2018/07/Bolimabel.png
Bolistitch,"Películas y TV",http://mundobolita.com/wp-content/uploads/1970/01/Bolistich.png
"Bolimr Increíble","Películas y TV",http://mundobolita.com/wp-content/uploads/2018/07/Boli-incelible.png
Boliclone,"Películas y TV",http://mundobolita.com/wp-content/uploads/2018/07/Boliclone.png
"Bolidarth Vader","Películas y TV",http://mundobolita.com/wp-content/uploads/2018/07/Bolidarth-vader.png
Boligatitosaurio,"Películas y TV",http://mundobolita.com/wp-content/uploads/2018/07/Boligatitosaurio.png
Bolimarciano,"Películas y TV",http://mundobolita.com/wp-content/uploads/2018/07/Bolimarciano.png
Bolilotso,"Películas y TV",http://mundobolita.com/wp-content/uploads/2018/07/Bolilotso.png
Boliwoody,"Películas y TV",http://mundobolita.com/wp-content/uploads/1970/01/Boliwoody.png
Bolijessy,"Películas y TV",http://mundobolita.com/wp-content/uploads/2018/07/Bolijessy.png
Bolibuzz,"Películas y TV",http://mundobolita.com/wp-content/uploads/2018/07/Bolibuzz.png
Bolileón,Animales,http://mundobolita.com/wp-content/uploads/2018/07/Bolileón.png
Bolipanda,Animales,http://mundobolita.com/wp-content/uploads/2018/07/Bolipanda.png
Bolipollo,Animales,http://mundobolita.com/wp-content/uploads/2018/07/Bolipollo.png
Boliconejo,Animales,http://mundobolita.com/wp-content/uploads/2018/07/Boliconejo.png
Bolielefante,Animales,http://mundobolita.com/wp-content/uploads/2018/07/Bolielefante.png
"Boligolden Freddy","Video Juegos",http://mundobolita.com/wp-content/uploads/2018/07/piñata-amarilla.png
Bolizombie,"Video Juegos",http://mundobolita.com/wp-content/uploads/2018/08/Bolizombie.png
Bolifreddy,"Video Juegos",http://mundobolita.com/wp-content/uploads/2018/07/Bolifreddy.png
"Bolioso Maloso","Video Juegos",http://mundobolita.com/wp-content/uploads/2018/07/Bolioso-maloso.png
"Bolisonic Boom","Video Juegos",http://mundobolita.com/wp-content/uploads/2018/07/Bolisonic.png
"Bolimario Bros","Video Juegos",http://mundobolita.com/wp-content/uploads/2018/07/Bolimario-bros.png
"Boliluigi Bros","Video Juegos",http://mundobolita.com/wp-content/uploads/2018/07/Boliluigui-bros.png
Bolimexicana,Mexicanas,http://mundobolita.com/wp-content/uploads/2018/07/Bolimexicana.png
"Bolimariachi guitarra",Mexicanas,http://mundobolita.com/wp-content/uploads/2018/07/Bolimariachi.png
Bolimariachi,Mexicanas,http://mundobolita.com/wp-content/uploads/2018/07/Bolimaricahi2.png
Bolifrida,Mexicanas,http://mundobolita.com/wp-content/uploads/2018/07/Bolifrida.png
Bolimaría,Mexicanas,http://mundobolita.com/wp-content/uploads/2018/07/Bolimaría.png
Bolidiablo,"Día de Muertos",http://mundobolita.com/wp-content/uploads/2018/07/Bolidiablo.png
Bolibrujita,"Día de Muertos",http://mundobolita.com/wp-content/uploads/2018/07/Bolibrujita.png
"Bolijack Skeleton","Día de Muertos",http://mundobolita.com/wp-content/uploads/2018/07/Bolijack2.png
"Bolijack Skeleton sonrisa","Día de Muertos",http://mundobolita.com/wp-content/uploads/2018/07/Bolijack.png
"Bolicatrina bigote","Día de Muertos",http://mundobolita.com/wp-content/uploads/2018/07/Bolicalavera2.png
Bolicatrina,"Día de Muertos",http://mundobolita.com/wp-content/uploads/2018/07/Bolicalavera.png
Bolivampiro,"Día de Muertos",http://mundobolita.com/wp-content/uploads/1970/01/Bolivampiro.png
"Boliplayer Chivas",Otros,http://mundobolita.com/wp-content/uploads/2018/07/Boliplayr-chivas.png
Bolipayaso,Otros,http://mundobolita.com/wp-content/uploads/2018/07/Bolipayaso.png
Bolipirata,Otros,http://mundobolita.com/wp-content/uploads/2018/07/Bolipirata.png
Boliflash,Héroes,http://mundobolita.com/wp-content/uploads/2018/07/Boliflash.png
Bolibatman,Héroes,http://mundobolita.com/wp-content/uploads/2018/07/Bolibatman.png
Boliana,Princesas,http://mundobolita.com/wp-content/uploads/2018/07/Boliana.png
Boliariel,Princesas,http://mundobolita.com/wp-content/uploads/2018/07/Boliariel2.png
"Boliariel Sirena",Princesas,http://mundobolita.com/wp-content/uploads/2018/07/Boliariel.png
Boliaurora,Princesas,http://mundobolita.com/wp-content/uploads/2018/07/Boliaurora.png
"Boliwonder Woman",Héroes,http://mundobolita.com/wp-content/uploads/1970/01/Boliwonderwoman.png
Bolijengibre,Navidad,http://mundobolita.com/wp-content/uploads/2018/07/Bolijengibre2.png
"Bolijengibre gorro",Navidad,http://mundobolita.com/wp-content/uploads/2018/07/Bolijengibre.png
"Bolisanta Claus",Navidad,http://mundobolita.com/wp-content/uploads/2018/07/Bolisanta-claus.png
Bolipingüino,Navidad,http://mundobolita.com/wp-content/uploads/2018/07/Bolipingüino.png
Bolireno,Navidad,http://mundobolita.com/wp-content/uploads/2018/07/Bolireno.png
"Bolioso Polar",Navidad,http://mundobolita.com/wp-content/uploads/2018/07/Bolioso-polar.png
"Bolimickey Navidad",Navidad,http://mundobolita.com/wp-content/uploads/2018/07/Bolimickey-navidad.png
Boliangelita,"Bautizo/Primera Comunión",http://mundobolita.com/wp-content/uploads/2018/07/Boliangleito-rosa.png
"Boliangelito azul","Bautizo/Primera Comunión",http://mundobolita.com/wp-content/uploads/2018/07/Boliangelito.png
Bolidino,Otros,http://mundobolita.com/wp-content/uploads/1970/01/dinosaurio-piñata.png
"Boliplayer América",Otros,http://mundobolita.com/wp-content/uploads/2018/07/Boliplayera-america.png
Boliangelito,"Bautizo/Primera Comunión",http://mundobolita.com/wp-content/uploads/2018/07/Boliangelito-blanco.png
Bolieverest,"Películas y TV",http://mundobolita.com/wp-content/uploads/2018/07/Bolieverest.png
Bolikitty,"Películas y TV",http://mundobolita.com/wp-content/uploads/2018/07/Bolikitty.png
Bolipooh,"Películas y TV",http://mundobolita.com/wp-content/uploads/2018/07/Bolipooh.png
"Bolimickey Mouse","Películas y TV",http://mundobolita.com/wp-content/uploads/2018/07/Bolimickey-mouse.png
Bolisparkle,"Películas y TV",http://mundobolita.com/wp-content/uploads/2018/07/Bolisparkle.png
Bolihulk,Héroes,http://mundobolita.com/wp-content/uploads/2018/07/Bolihulk.png
Bolisuperchica,Héroes,http://mundobolita.com/wp-content/uploads/2018/07/Bolisuperchica.png
"Bolidaniel Tigre",Animales,http://mundobolita.com/wp-content/uploads/2018/09/tienda-piñatas-6.png
Bolithanos,"Películas y TV",http://mundobolita.com/wp-content/uploads/2018/09/tienda-piñatas-2.png
Bolimaléfica,"Películas y TV",http://mundobolita.com/wp-content/uploads/2018/09/tienda-piñatas-3.png
Bolijack,Héroes,http://mundobolita.com/wp-content/uploads/2018/09/tienda-piñatas-1.png
"Bolizombie americano","Video Juegos",http://mundobolita.com/wp-content/uploads/2018/09/tienda-piñatas-7.png
Bolipanter,Héroes,http://mundobolita.com/wp-content/uploads/2018/09/tienda-piñatas-8.png
Bolioptimus,Héroes,http://mundobolita.com/wp-content/uploads/2018/09/tienda-piñatas-4.png
Boliranger,Héroes,http://mundobolita.com/wp-content/uploads/2018/09/tienda-piñatas-5.png
Bolirobin,Héroes,http://mundobolita.com/wp-content/uploads/2019/02/bolirobin.png
Bolimavis,"Películas y TV",http://mundobolita.com/wp-content/uploads/2019/02/bolimavis.png
Bolisombrerero,"Películas y TV",http://mundobolita.com/wp-content/uploads/2019/02/bolisombrerero.png
Bolidennis,"Películas y TV",http://mundobolita.com/wp-content/uploads/2019/02/bolidennis.png
"Boliunicornio flores","Películas y TV",http://mundobolita.com/wp-content/uploads/2019/02/boliunicornio-flores.png
"Boliluchador azul",Otros,http://mundobolita.com/wp-content/uploads/2019/02/boliluchador-azul.png
Boliluchador,Otros,http://mundobolita.com/wp-content/uploads/2019/02/boliluchador.png
Bolivaca,Animales,http://mundobolita.com/wp-content/uploads/2019/02/bolivaca.png
Bolijack,"Películas y TV",http://mundobolita.com/wp-content/uploads/2019/02/bolijack.png
"Bolichico bestia",Héroes,http://mundobolita.com/wp-content/uploads/2019/02/bolininobestia.png
"Bolispider woman",Héroes,http://mundobolita.com/wp-content/uploads/2019/02/bolispiderwoman.png
"Bolibaby shark","Películas y TV",http://mundobolita.com/wp-content/uploads/2019/02/bolibaby-shark.png
Bolivampirina,"Sin categorizar, Películas y TV",http://mundobolita.com/wp-content/uploads/2019/02/vampirina.png
"Bolila parka","Películas y TV",http://mundobolita.com/wp-content/uploads/2019/02/la-parka.png
Boliraven,"Películas y TV",http://mundobolita.com/wp-content/uploads/2019/02/raven.png
Boligiggles,"Películas y TV",http://mundobolita.com/wp-content/uploads/2019/02/giggles.png
Palazo,Otros,
Boligrinch,"Películas y TV",http://mundobolita.com/wp-content/uploads/2019/02/grincha.png
"Bolimuñeco de nieve",Navidad,http://mundobolita.com/wp-content/uploads/2019/02/muneco_nieve.png
Bolivenom,Héroes,http://mundobolita.com/wp-content/uploads/2019/02/venom-1.png
"Boligatita Marie","Películas y TV",http://mundobolita.com/wp-content/uploads/2019/02/gatita_marie.png
"Bolifuria Luminosa","Películas y TV",http://mundobolita.com/wp-content/uploads/2019/02/furia_luminosa.png
